{
    "keyframeNum": 12,
    "skeletonAnchorKeyframes": [
        [
            21.00000000000057,
            85.0
        ],
        [
            15.999999999999602,
            91.0
        ],
        [
            8.000000000000227,
            95.0
        ],
        [
            1.0000000000002842,
            99.00000000000006
        ],
        [
            -6.99999999999892,
            97.00000000000011
        ],
        [
            -11.999999999998863,
            93.00000000000011
        ],
        [
            -17.999999999999716,
            83.0
        ],
        [
            -8.999999999999545,
            90.00000000000057
        ],
        [
            3.999999999999602,
            93.99999999999989
        ],
        [
            10.999999999999943,
            97.0
        ],
        [
            14.000000000000853,
            93.00000000000011
        ],
        [
            20.000000000000057,
            91.0
        ],
        [
            271.0000000000001,
            318.0
        ],
        [
            271.0000000000001,
            318.0
        ],
        [
            289.00000000000006,
            303.0
        ],
        [
            285.99999999999903,
            306.9999999999999
        ]
    ],
    "keyframes": [
        {
            "coxa_d": [
                [
                    32.0,
                    0.0
                ],
                1
            ],
            "coxa_e": [
                [
                    -36.0,
                    0.0
                ],
                1
            ],
            "antebraco_e": [
                [
                    30.0,
                    -167.0
                ],
                -1
            ],
            "antebraco_d": [
                [
                    56.0,
                    -171.0
                ],
                -1
            ],
            "tronco": [
                [
                    -8.0,
                    -181.0
                ],
                0
            ],
            "pescoco": [
                [
                    2.0,
                    -214.0
                ],
                0
            ]
        },
        {
            "coxa_d": [
                [
                    32.0,
                    0.0
                ],
                1
            ],
            "coxa_e": [
                [
                    -36.0,
                    0.0
                ],
                1
            ],
            "antebraco_e": [
                [
                    66.0,
                    -190.0
                ],
                -1
            ],
            "antebraco_d": [
                [
                    38.0,
                    -179.0
                ],
                -1
            ],
            "tronco": [
                [
                    -3.0,
                    -186.0
                ],
                0
            ],
            "pescoco": [
                [
                    4.0,
                    -217.0
                ],
                0
            ]
        },
        {
            "coxa_d": [
                [
                    32.0,
                    0.0
                ],
                1
            ],
            "coxa_e": [
                [
                    -36.0,
                    0.0
                ],
                1
            ],
            "antebraco_e": [
                [
                    79.0,
                    -204.0
                ],
                -1
            ],
            "antebraco_d": [
                [
                    53.0,
                    -186.0
                ],
                -1
            ],
            "tronco": [
                [
                    7.0,
                    -190.0
                ],
                0
            ],
            "pescoco": [
                [
                    15.0,
                    -222.0
                ],
                0
            ]
        },
        {
            "coxa_d": [
                [
                    32.0,
                    0.0
                ],
                1
            ],
            "coxa_e": [
                [
                    -36.0,
                    0.0
                ],
                1
            ],
            "antebraco_e": [
                [
                    95.0,
                    -197.0
                ],
                -1
            ],
            "antebraco_d": [
                [
                    66.0,
                    -187.0
                ],
                -1
            ],
            "tronco": [
                [
                    15.0,
                    -193.0
                ],
                0
            ],
            "pescoco": [
                [
                    23.0,
                    -224.0
                ],
                0
            ]
        },
        {
            "coxa_d": [
                [
                    32.0,
                    0.0
                ],
                1
            ],
            "coxa_e": [
                [
                    -36.0,
                    0.0
                ],
                1
            ],
            "antebraco_e": [
                [
                    72.0,
                    -184.0
                ],
                -1
            ],
            "antebraco_d": [
                [
                    96.0,
                    -193.0
                ],
                -1
            ],
            "tronco": [
                [
                    23.0,
                    -194.0
                ],
                0
            ],
            "pescoco": [
                [
                    34.0,
                    -219.0
                ],
                0
            ]
        },
        {
            "coxa_d": [
                [
                    32.0,
                    0.0
                ],
                1
            ],
            "coxa_e": [
                [
                    -36.0,
                    0.0
                ],
                1
            ],
            "antebraco_e": [
                [
                    73.0,
                    -177.0
                ],
                -1
            ],
            "antebraco_d": [
                [
                    99.0,
                    -185.0
                ],
                -1
            ],
            "tronco": [
                [
                    30.0,
                    -189.0
                ],
                0
            ],
            "pescoco": [
                [
                    44.0,
                    -218.0
                ],
                0
            ]
        },
        {
            "coxa_d": [
                [
                    32.0,
                    0.0
                ],
                1
            ],
            "coxa_e": [
                [
                    -36.0,
                    0.0
                ],
                1
            ],
            "antebraco_e": [
                [
                    88.0,
                    -170.0
                ],
                -1
            ],
            "antebraco_d": [
                [
                    113.0,
                    -175.0
                ],
                -1
            ],
            "tronco": [
                [
                    37.0,
                    -176.0
                ],
                0
            ],
            "pescoco": [
                [
                    52.0,
                    -207.0
                ],
                0
            ]
        },
        {
            "coxa_d": [
                [
                    32.0,
                    0.0
                ],
                1
            ],
            "coxa_e": [
                [
                    -36.0,
                    0.0
                ],
                1
            ],