{
    "keyframeNum": 10,
    "skeletonAnchorKeyframes": [
        [
            0.0,
            100.0
        ],
        [
            -3.999999999999943,
            117.0
        ],
        [
            -6.000000000000057,
            109.9999999999996
        ],
        [
            0.0,
            100.0
        ],
        [
            -2.9999999999997726,
            91.00000000000023
        ],
        [
            0.0,
            100.0
        ],
        [
            -3.999999999999943,
            117.0
        ],
        [
            -6.000000000000057,
            109.9999999999996
        ],
        [
            0.0,
            100.0
        ],
        [
            -2.9999999999997726,
            91.00000000000023
        ],
        [
            0.0,
            100.0
        ],
        [
            -3.999999999999943,
            117.0
        ],
        [
            -6.000000000000057,
            109.9999999999996
        ],
        [
            0.0,
            100.0
        ],
        [
            -2.9999999999997726,
            91.00000000000023
        ],
        [
            0.0,
            100.0
        ],
        [
            -3.999999999999943,
            117.0
        ],
        [
            -6.000000000000057,
            109.9999999999996
        ],
        [
            0.0,
            100.0
        ],
        [
            -2.9999999999997726,
            91.00000000000023
        ]
    ],
    "keyframes": [
        {
            "coxa_d": [
                [
                    10.0,
                    -50.0
                ],
                1
            ],
            "coxa_e": [
                [
                    -70.0,
                    -20.0
                ],
                1
            ],
            "antebraco_e": [
                [
                    -40.0,
                    -150.0
                ],
                -1
            ],
            "antebraco_d": [
                [
                    120.0,
                    -180.0
                ],
                -1
            ],
            "tronco": [
                [
                    60.0,
                    -180.0
                ],
                0
            ],
            "pescoco": [
                [
                    80.0,
                    -200.0
                ],
                0
            ]
        },
        {
            "coxa_d": [
                [
                    57.0,
                    -46.0
                ],
                1
            ],
            "coxa_e": [
                [
                    -86.0,
                    -78.0
                ],
                1
            ],
            "antebraco_e": [
                [
                    -40.0,
                    -200.0
                ],
                -1
            ],
            "antebraco_d": [
                [
                    129.0,
                    -213.0
                ],
                -1
            ],
            "tronco": [
                [
                    70.0,
                    -193.0
                ],
                0
            ],
            "pescoco": [
                [
                    92.0,
                    -213.0
                ],
                0
            ]
        },
        {
            "coxa_d": [
                [
                    74.0,
                    -26.0
                ],
                1
            ],
            "coxa_e": [
                [
                    -83.0,
                    -105.0
                ],
                1
            ],
            "antebraco_e": [
                [
                    -42.0,
                    -178.0
                ],
                -1
            ],
            "antebraco_d": [
                [
                    137.0,
                    -151.0
                ],
                -1
            ],
            "tronco": [
                [
                    65.0,
                    -188.0
                ],
                0
            ],
            "pescoco": [
                [
                    94.0,
                    -211.0
                ],
                0
            ]
        },
        {
            "coxa_d": [
                [
                    20.0,
                    0.0
                ],
                1
            ],
            "coxa_e": [
                [
                    -60.0,
                    -70.0
                ],
                1
            ],
            "antebraco_e": [
                [
                    -40.0,
                    -140.0
                ],
                -1
            ],
            "antebraco_d": [
                [
                    100.0,
                    -160.0
                ],
                -1
            ],
            "tronco": [
                [
                    60.0,
                    -180.0
                ],
                0
            ],
            "pescoco": [
                [
                    80.0,
                    -200.0
                ],
                0
            ]
        },
        {
            "coxa_d": [
                [
                    -20.0,
                    0.0
                ],
                1
            ],
            "coxa_e": [
                [
                    -20.0,
                    -50.0
                ],
                1
            ],
            "antebraco_e": [
                [
                    -13.0,
                    -85.0
                ],
                -1
            ],
            "antebraco_d": [
                [
                    43.0,
                    -102.0
                ],
                -1
            ],
            "tronco": [
                [
                    53.0,
                    -177.0
                ],
                0
            ],
            "pescoco": [
                [
                    75.0,
                    -195.0
                ],
                0
            ]
        },
        {
            "coxa_e": [
                [
                    10.0,
                    -50.0
                ],
                1
            ],
            "coxa_d": [
                [
                    -70.0,
                    -20.0
                ],
                1
            ],
            "antebraco_d": [
                [
                    -40.0,
                    -150.0
                ],
                -1
            ],
            "antebraco_e": [
                [
                    120.0,
                    -180.0
                ],
                -1
            ],
            "tronco": [
                [
                    60.0,
                    -180.0
                ],
                0
            ],
            "pescoco": [
                [
                    80.0,
                    -200.0
                ],
                0
            ]
        },
        {
            "coxa_e": [
                [
                    57.0,
                    -46.0
                ],
                1
            ],
            "coxa_d": [
                [
                    -86.0,
                    -78.0
                ],
                1
            ],
            "antebraco_d": [
                [
                    -40.0,
                    -200.0
                ],
                -1
            ],
            "antebraco_e": [
                [
                    129.0,
                    -213.0
                ],
                -1
            ],
            "tronco": [
                [
                    70.0,
                    -193.0
                ],
                0
            ],