{
    "keyframeNum": 10,
    "skeletonAnchorKeyframes": [
        [
            -1.9999999999994884,
            95.0
        ],
        [
            -5.0000000000001705,
            87.0
        ],
        [
            -6.000000000000284,
            74.0
        ],
        [
            -16.999999999999318,
            69.0
        ],
        [
            -19.0,
            65.00000000000011
        ],
        [
            -17.000000000000057,
            68.0
        ],
        [
            -15.999999999999659,
            69.00000000000011
        ],
        [
            -14.0,
            72.0
        ],
        [
            -17.999999999999943,
            65.0
        ],
        [
            -17.999999999999773,
            68.0
        ]
    ],
    "keyframes": [
        {
            "coxa_d": [
                [
                    40.0,
                    0.0
                ],
                1
            ],
            "coxa_e": [
                [
                    -40.0,
                    0.0
                ],
                1
            ],
            "antebraco_e": [
                [
                    -46.0,
                    -114.0
                ],
                -1
            ],
            "antebraco_d": [
                [
                    75.0,
                    -116.0
                ],
                -1
            ],
            "tronco": [
                [
                    9.0,
                    -193.0
                ],
                0
            ],
            "pescoco": [
                [
                    14.0,
                    -222.0
                ],
                0
            ]
        },
        {
            "coxa_d": [
                [
                    40.0,
                    0.0
                ],
                1
            ],
            "coxa_e": [
                [
                    -54.0,
                    -1.0
                ],
                1
            ],
            "antebraco_e": [
                [
                    -98.0,
                    -156.0
                ],
                1
            ],
            "antebraco_d": [
                [
                    93.0,
                    -122.0
                ],
                -1
            ],
            "tronco": [
                [
                    10.0,
                    -190.0
                ],
                0
            ],
            "pescoco": [
                [
                    14.0,
                    -222.0
                ],
                0
            ]
        },
        {
            "coxa_d": [
                [
                    29.0,
                    -2.0
                ],
                1
            ],
            "coxa_e": [
                [
                    -66.0,
                    -2.0
                ],
                1
            ],
            "antebraco_e": [
                [
                    0.0,
                    -200.0
                ],
                1
            ],
            "antebraco_d": [
                [
                    134.0,
                    -156.0
                ],
                -1
            ],
            "tronco": [
                [
                    24.0,
                    -174.0
                ],
                0
            ],
            "pescoco": [
                [
                    33.0,
                    -205.0
                ],
                0
            ]
        },
        {
            "coxa_d": [
                [
                    29.0,
                    -2.0
                ],
                1
            ],
            "coxa_e": [
                [
                    -66.0,
                    -2.0
                ],
                1
            ],
            "antebraco_e": [
                [
                    82.0,
                    -203.0
                ],
                1
            ],
            "antebraco_d": [
                [
                    154.0,
                    -159.0
                ],
                -1
            ],
            "tronco": [
                [
                    41.0,
                    -166.0
                ],
                0
            ],
            "pescoco": [
                [
                    51.0,
                    -199.0
                ],
                0
            ]
        },
        {
            "coxa_d": [
                [
                    29.0,
                    -2.0
                ],
                1
            ],
            "coxa_e": [
                [
                    -66.0,
                    -2.0
                ],
                1
            ],
            "antebraco_e": [
                [
                    121.0,
                    -179.0
                ],
                -1
            ],
            "antebraco_d": [
                [
                    161.0,
                    -160.0
                ],
                -1
            ],
            "tronco": [
                [
                    45.0,
                    -167.0
                ],
                0
            ],
            "pescoco": [
                [
                    54.0,
                    -192.0
                ],
                0
            ]
        },
        {
            "coxa_d": [
                [
                    29.0,
                    -2.0
                ],
                1
            ],
            "coxa_e": [
                [
                    -66.0,
                    -2.0
                ],
                1
            ],
            "antebraco_e": [
                [
                    157.0,
                    -169.0
                ],
                -1
            ],
            "antebraco_d": [
                [
                    161.0,
                    -160.0
                ],
                -1
            ],
            "tronco": [
                [
                    45.0,
                    -167.0
                ],
                0
            ],
            "pescoco": [
                [
                    54.0,
                    -192.0
                ],
                0
            ]
        },
        {
            "coxa_d": [
                [
                    29.0,
                    -2.0
                ],
                1
            ],
            "coxa_e": [
                [
                    -66.0,
                    -2.0
                ],
                1
            ],
            "antebraco_e": [
                [
                    101.0,
                    -175.0
                ],
                -1
            ],
            "antebraco_d": [
                [
                    145.0,
                    -176.0
                ],
                -1
            ],
            "tronco": [
                [
                    26.0,
                    -166.0
                ],
                0
            ],
            "pescoco": [
                [
                    29.0,
                    -195.0
                ],
                0
            ]
        },
        {
            "coxa_d": [
                [
                    29.0,
                    -2.0
                ],
                1
            ],
            "coxa_e": [
                [
                    -66.0,
                    -2.0
                ],
                1
            ],
            "antebraco_e": [
                [
                    57.0,
                    -158.0
                ],
                -1
            ],
            "antebraco_d": [
                [
                    144.0,
                    -175.0
                ],
                -1
            ],
            "tronco": [
                [
                    26.0,
                    -166.0
                ],
                0
            ],