{
    "keyframeNum": 11,
    "skeletonAnchorKeyframes": [
        [
            26.00000000000017,
            89.0
        ],
        [
            -5.999999999999488,
            92.99999999999977
        ],
        [
            -5.999999999999432,
            92.99999999999977
        ],
        [
            -31.99999999999892,
            63.0
        ],
        [
            -31.99999999999841,
            63.00000000000006
        ],
        [
            -44.000000000000114,
            57.0
        ],
        [
            -50.99999999999943,
            49.000000000000284
        ],
        [
            -50.99999999999943,
            49.000000000000284
        ],
        [
            -29.999999999999545,
            70.0
        ],
        [
            -12.999999999999773,
            82.0
        ],
        [
            5.0,
            93.0
        ],
        [
            7.000000000000398,
            93.00000000000011
        ]
    ],
    "keyframes": [
        {
            "coxa_d": [
                [
                    40.0,
                    0.0
                ],
                1
            ],
            "coxa_e": [
                [
                    -40.0,
                    0.0
                ],
                -1
            ],
            "antebraco_e": [
                [
                    -129.0,
                    -121.0
                ],
                1
            ],
            "antebraco_d": [
                [
                    54.0,
                    -230.0
                ],
                -1
            ],
            "tronco": [
                [
                    -44.0,
                    -191.0
                ],
                0
            ],
            "pescoco": [
                [
                    -50.0,
                    -218.0
                ],
                0
            ]
        },
        {
            "coxa_d": [
                [
                    40.0,
                    0.0
                ],
                1
            ],
            "coxa_e": [
                [
                    -40.0,
                    0.0
                ],
                1
            ],
            "antebraco_e": [
                [
                    -87.0,
                    -146.0
                ],
                1
            ],
            "antebraco_d": [
                [
                    117.0,
                    -172.0
                ],
                -1
            ],
            "tronco": [
                [
                    8.0,
                    -192.0
                ],
                0
            ],
            "pescoco": [
                [
                    2.0,
                    -226.0
                ],
                0
            ]
        },
        {
            "coxa_d": [
                [
                    40.0,
                    0.0
                ],
                1
            ],
            "coxa_e": [
                [
                    -40.0,
                    0.0
                ],
                1
            ],
            "antebraco_e": [
                [
                    -86.0,
                    -188.0
                ],
                1
            ],
            "antebraco_d": [
                [
                    94.0,
                    -126.0
                ],
                -1
            ],
            "tronco": [
                [
                    22.0,
                    -191.0
                ],
                0
            ],
            "pescoco": [
                [
                    30.0,
                    -218.0
                ],
                0
            ]
        },
        {
            "coxa_d": [
                [
                    67.0,
                    -1.0
                ],
                1
            ],
            "coxa_e": [
                [
                    -51.0,
                    3.0
                ],
                1
            ],
            "antebraco_e": [
                [
                    -20.0,
                    -234.0
                ],
                1
            ],
            "antebraco_d": [
                [
                    -9.0,
                    -73.0
                ],
                -1
            ],
            "tronco": [
                [
                    60.0,
                    -156.0
                ],
                0
            ],
            "pescoco": [
                [
                    71.0,
                    -187.0
                ],
                0
            ]
        },
        {
            "coxa_d": [
                [
                    67.0,
                    -1.0
                ],
                1
            ],
            "coxa_e": [
                [
                    -51.0,
                    3.0
                ],
                1
            ],
            "antebraco_e": [
                [
                    165.0,
                    -196.0
                ],
                -1
            ],
            "antebraco_d": [
                [
                    -23.0,
                    -118.0
                ],
                -1
            ],
            "tronco": [
                [
                    71.0,
                    -150.0
                ],
                0
            ],
            "pescoco": [
                [
                    85.0,
                    -183.0
                ],
                0
            ]
        },
        {
            "coxa_d": [
                [
                    84.0,
                    -1.0
                ],
                1
            ],
            "coxa_e": [
                [
                    -41.0,
                    1.0
                ],
                1
            ],
            "antebraco_e": [
                [
                    143.0,
                    -2.0
                ],
                -1
            ],
            "antebraco_d": [
                [
                    49.0,
                    -164.0
                ],
                -1
            ],
            "tronco": [
                [
                    124.0,
                    -115.0
                ],
                0
            ],
            "pescoco": [
                [
                    153.0,
                    -134.0
                ],
                0
            ]
        },
        {
            "coxa_d": [
                [
                    84.0,
                    -1.0
                ],
                1
            ],
            "coxa_e": [
                [
                    -41.0,
                    1.0
                ],
                1
            ],
            "antebraco_e": [
                [
                    143.0,
                    -2.0
                ],
                -1
            ],
            "antebraco_d": [
                [
                    49.0,
                    -164.0
                ],
                -1
            ],
            "tronco": [
                [
                    124.0,
                    -115.0
                ],
                0
            ],
            "pescoco": [
                [
                    153.0,
                    -134.0
                ],
                0
            ]
        },
        {
            "coxa_d": [
                [
                    56.0,
                    -1.0
                ],
                1
            ],
            "coxa_e": [
                [
                    -43.0,
                    -2.0
                ],
                1
            ],
            "antebraco_e": [
                [
                    73.0,
                    -68.0
                ],
                -1
            ],
            "antebraco_d": [
                [
                    -17.0,
                    -100.0
                ],
                -1
            ],